
<resources>
    <color name="seed">#03438D</color>
    <color name="md_theme_light_primary">#2E5DA8</color>
    <color name="md_theme_light_onPrimary">#FFFFFF</color>
    <color name="md_theme_light_primaryContainer">#D7E2FF</color>
    <color name="md_theme_light_onPrimaryContainer">#001A40</color>
    <color name="md_theme_light_secondary">#735C00</color>
    <color name="md_theme_light_onSecondary">#FFFFFF</color>
    <color name="md_theme_light_secondaryContainer">#FFE087</color>
    <color name="md_theme_light_onSecondaryContainer">#231A00</color>
    <color name="md_theme_light_tertiary">#00658F</color>
    <color name="md_theme_light_onTertiary">#FFFFFF</color>
    <color name="md_theme_light_tertiaryContainer">#C7E7FF</color>
    <color name="md_theme_light_onTertiaryContainer">#001E2E</color>
    <color name="md_theme_light_error">#BA1A1A</color>
    <color name="md_theme_light_errorContainer">#FFDAD6</color>
    <color name="md_theme_light_onError">#FFFFFF</color>
    <color name="md_theme_light_onErrorContainer">#410002</color>
    <color name="md_theme_light_background">#FAFCFF</color>
    <color name="md_theme_light_onBackground">#001F2A</color>
    <color name="md_theme_light_surface">#FAFCFF</color>
    <color name="md_theme_light_onSurface">#001F2A</color>
    <color name="md_theme_light_surfaceVariant">#E0E2EC</color>
    <color name="md_theme_light_onSurfaceVariant">#44474E</color>
    <color name="md_theme_light_outline">#74777F</color>
    <color name="md_theme_light_inverseOnSurface">#E1F4FF</color>
    <color name="md_theme_light_inverseSurface">#003547</color>
    <color name="md_theme_light_inversePrimary">#ACC7FF</color>
    <color name="md_theme_light_shadow">#000000</color>
    <color name="md_theme_light_surfaceTint">#2E5DA8</color>
    <color name="md_theme_light_outlineVariant">#C4C6D0</color>
    <color name="md_theme_light_scrim">#000000</color>
    <color name="md_theme_dark_primary">#ACC7FF</color>
    <color name="md_theme_dark_onPrimary">#002F67</color>
    <color name="md_theme_dark_primaryContainer">#07458F</color>
    <color name="md_theme_dark_onPrimaryContainer">#D7E2FF</color>
    <color name="md_theme_dark_secondary">#EFC114</color>
    <color name="md_theme_dark_onSecondary">#3C2F00</color>
    <color name="md_theme_dark_secondaryContainer">#574500</color>
    <color name="md_theme_dark_onSecondaryContainer">#FFE087</color>
    <color name="md_theme_dark_tertiary">#85CFFF</color>
    <color name="md_theme_dark_onTertiary">#00344C</color>
    <color name="md_theme_dark_tertiaryContainer">#004C6C</color>
    <color name="md_theme_dark_onTertiaryContainer">#C7E7FF</color>
    <color name="md_theme_dark_error">#FFB4AB</color>
    <color name="md_theme_dark_errorContainer">#93000A</color>
    <color name="md_theme_dark_onError">#690005</color>
    <color name="md_theme_dark_onErrorContainer">#FFDAD6</color>
    <color name="md_theme_dark_background">#001F2A</color>
    <color name="md_theme_dark_onBackground">#BFE9FF</color>
    <color name="md_theme_dark_surface">#001F2A</color>
    <color name="md_theme_dark_onSurface">#BFE9FF</color>
    <color name="md_theme_dark_surfaceVariant">#44474E</color>
    <color name="md_theme_dark_onSurfaceVariant">#C4C6D0</color>
    <color name="md_theme_dark_outline">#8E9099</color>
    <color name="md_theme_dark_inverseOnSurface">#001F2A</color>
    <color name="md_theme_dark_inverseSurface">#BFE9FF</color>
    <color name="md_theme_dark_inversePrimary">#2E5DA8</color>
    <color name="md_theme_dark_shadow">#000000</color>
    <color name="md_theme_dark_surfaceTint">#ACC7FF</color>
    <color name="md_theme_dark_outlineVariant">#44474E</color>
    <color name="md_theme_dark_scrim">#000000</color>
</resources>
